{"cameraMode":{"drawMode":0,"name":"Shaded","section":"Shading Mode"},"sceneLighting":false,"audioPlay":false,"sceneViewState":{"showFog":true,"showMaterialUpdate":false,"showSkybox":false,"showFlares":true,"showImageEffects":true,"showParticleSystems":true,"showVisualEffectGraphs":true,"m_FxEnabled":true},"in2DMode":false,"pivot":{"x":0.005293035879731178,"y":-2.0820963382720949,"z":0.38423508405685427},"rotation":{"x":0.6862567663192749,"y":-0.007481061387807131,"z":0.007373453583568335,"w":0.7273864150047302},"size":1.7660281658172608,"orthographic":false}