{"cameraMode":{"drawMode":0,"name":"Shaded","section":"Shading Mode"},"sceneLighting":false,"audioPlay":false,"sceneViewState":{"showFog":true,"showMaterialUpdate":false,"showSkybox":false,"showFlares":true,"showImageEffects":true,"showParticleSystems":true,"showVisualEffectGraphs":true,"m_FxEnabled":true},"in2DMode":false,"pivot":{"x":-2.654883861541748,"y":-0.3766442537307739,"z":0.1422499120235443},"rotation":{"x":-0.049334947019815448,"y":0.7390562295913696,"z":-0.054824043065309528,"w":-0.6697047352790833},"size":12.275190353393555,"orthographic":false}