{"cameraMode":{"drawMode":0,"name":"Shaded","section":"Shading Mode"},"sceneLighting":false,"audioPlay":false,"sceneViewState":{"showFog":true,"showMaterialUpdate":false,"showSkybox":false,"showFlares":true,"showImageEffects":true,"showParticleSystems":true,"showVisualEffectGraphs":true,"m_FxEnabled":true},"in2DMode":false,"pivot":{"x":0.1273002028465271,"y":0.09771136194467545,"z":-0.3118095397949219},"rotation":{"x":0.037618789821863177,"y":-0.45206180214881899,"z":0.019353071227669717,"w":0.8910678029060364},"size":0.5660282373428345,"orthographic":false}