{"cameraMode":{"drawMode":0,"name":"Shaded","section":"Shading Mode"},"sceneLighting":false,"audioPlay":false,"sceneViewState":{"showFog":true,"showMaterialUpdate":false,"showSkybox":false,"showFlares":true,"showImageEffects":true,"showParticleSystems":true,"showVisualEffectGraphs":true,"m_FxEnabled":true},"in2DMode":false,"pivot":{"x":-0.007285937666893005,"y":0.01759020984172821,"z":0.33168429136276247},"rotation":{"x":0.38785284757614138,"y":-0.5963621735572815,"z":0.4004705548286438,"w":0.5776820778846741},"size":0.5329082608222961,"orthographic":true}