{"cameraMode":{"drawMode":0,"name":"Shaded","section":"Shading Mode"},"sceneLighting":false,"audioPlay":false,"sceneViewState":{"showFog":true,"showMaterialUpdate":false,"showSkybox":false,"showFlares":true,"showImageEffects":true,"showParticleSystems":true,"showVisualEffectGraphs":true,"m_FxEnabled":true},"in2DMode":false,"pivot":{"x":34.584251403808597,"y":2.846754550933838,"z":25.898977279663087},"rotation":{"x":0.07837831228971482,"y":-0.40080708265304568,"z":0.03469810634851456,"w":0.9122273325920105},"size":1.1341922283172608,"orthographic":false}