{"cameraMode":{"drawMode":0,"name":"Shaded","section":"Shading Mode"},"sceneLighting":false,"audioPlay":false,"sceneViewState":{"showFog":true,"showMaterialUpdate":false,"showSkybox":false,"showFlares":true,"showImageEffects":true,"showParticleSystems":true,"showVisualEffectGraphs":true,"m_FxEnabled":true},"in2DMode":false,"pivot":{"x":2.0722546577453615,"y":11.498124122619629,"z":0.9872889518737793},"rotation":{"x":-0.03515799716114998,"y":-0.9583748579025269,"z":0.13486173748970033,"w":-0.24950221180915833},"size":10.049546241760254,"orthographic":false}