{"cameraMode":{"drawMode":0,"name":"Shaded","section":"Shading Mode"},"sceneLighting":false,"audioPlay":false,"sceneViewState":{"showFog":true,"showMaterialUpdate":false,"showSkybox":false,"showFlares":true,"showImageEffects":true,"showParticleSystems":true,"showVisualEffectGraphs":true,"m_FxEnabled":true},"in2DMode":false,"pivot":{"x":-0.3763115704059601,"y":-1.9013524055480958,"z":0.020659755915403367},"rotation":{"x":0.48077481985092165,"y":-0.5179690718650818,"z":0.47737520933151247,"w":0.5223301649093628},"size":2.161020040512085,"orthographic":false}