{"cameraMode":{"drawMode":0,"name":"Shaded","section":"Shading Mode"},"sceneLighting":false,"audioPlay":false,"sceneViewState":{"showFog":true,"showMaterialUpdate":false,"showSkybox":false,"showFlares":true,"showImageEffects":true,"showParticleSystems":true,"showVisualEffectGraphs":true,"m_FxEnabled":true},"in2DMode":false,"pivot":{"x":0.10899969935417175,"y":0.02699950709939003,"z":-1.168456792831421},"rotation":{"x":0.022857507690787317,"y":-0.7270234227180481,"z":0.6859166026115418,"w":0.024222293868660928},"size":1.2622019052505494,"orthographic":false}