{"cameraMode":{"drawMode":0,"name":"Shaded","section":"Shading Mode"},"sceneLighting":false,"audioPlay":false,"sceneViewState":{"showFog":true,"showMaterialUpdate":false,"showSkybox":false,"showFlares":true,"showImageEffects":true,"showParticleSystems":true},"in2DMode":false,"pivot":{"x":-0.45122551918029787,"y":0.46864038705825808,"z":0.8820058703422546},"rotation":{"x":0.018623337149620057,"y":0.9781178832054138,"z":-0.18133287131786347,"w":0.10041198134422302},"size":1.6827449798583985,"orthographic":false}