{"cameraMode":{"drawMode":0,"name":"Shaded","section":"Shading Mode"},"sceneLighting":false,"audioPlay":false,"sceneViewState":{"showFog":true,"showMaterialUpdate":false,"showSkybox":false,"showFlares":true,"showImageEffects":true,"showParticleSystems":true},"in2DMode":false,"pivot":{"x":48.66020584106445,"y":-3.6521682739257814,"z":8.827996253967286},"rotation":{"x":-0.31607285141944888,"y":0.6432744264602661,"z":-0.3315846621990204,"w":-0.6135861277580261},"size":1.8184399604797364,"orthographic":false}