{"cameraMode":{"drawMode":0,"name":"Shaded","section":"Shading Mode"},"sceneLighting":true,"audioPlay":false,"sceneViewState":{"showFog":true,"showMaterialUpdate":false,"showSkybox":true,"showFlares":true,"showImageEffects":true,"showParticleSystems":true},"in2DMode":false,"pivot":{"x":41.36994934082031,"y":63.06907653808594,"z":86.42633056640625},"rotation":{"x":0.0708046481013298,"y":0.4892224669456482,"z":-0.039813049137592319,"w":0.8684529662132263},"size":49.23297882080078,"orthographic":false}