{"cameraMode":{"drawMode":0,"name":"Shaded","section":"Shading Mode"},"sceneLighting":false,"audioPlay":false,"sceneViewState":{"showFog":true,"showMaterialUpdate":false,"showSkybox":false,"showFlares":true,"showImageEffects":true,"showParticleSystems":true,"showVisualEffectGraphs":true,"m_FxEnabled":true},"in2DMode":false,"pivot":{"x":0.28690508008003237,"y":0.8467910289764404,"z":-1.0075515508651734},"rotation":{"x":-0.006693569011986256,"y":-0.9910352230072022,"z":0.12282979488372803,"w":-0.053600627928972247},"size":1.5500017404556275,"orthographic":false}