{"cameraMode":{"drawMode":0,"name":"Shaded","section":"Shading Mode"},"sceneLighting":false,"audioPlay":false,"sceneViewState":{"showFog":true,"showMaterialUpdate":false,"showSkybox":false,"showFlares":true,"showImageEffects":true,"showParticleSystems":true,"showVisualEffectGraphs":true,"m_FxEnabled":true},"in2DMode":false,"pivot":{"x":0.38015425205230715,"y":1.1224453449249268,"z":-2.5134027004241945},"rotation":{"x":-0.0009332674671895802,"y":-0.9988605380058289,"z":0.04529327154159546,"w":-0.019517304375767709},"size":1.9343640804290772,"orthographic":false}